Family,Feed_mode_prim,Feed_mode_sec,Feed_mode_comments,TraitRecord_ID
Planorbidae,Scraper/grazer,Other (specify in comments),Consume mostly the thin film of algae that covers most submerged surfaces; also occasionally feed on dead plant and animal materials.,6654
Planorbidae,Scraper/grazer,,"Prefers consuming detritus, but will also eat periphyton and bacteria.",6281
Planorbidae,Scraper/grazer,Other (specify in comments),Consume mostly the thin film of algae that covers most submerged surfaces; also occasionally feed on dead plant and animal materials.,6653
Planorbidae,Scraper/grazer,Other (specify in comments),Consume mostly the thin film of algae that covers most submerged surfaces; also occasionally feed on dead plant and animal materials.,6656
Planorbidae,Scraper/grazer,,"Prefers consuming detritus, but will also eat periphyton and bacteria.",6282
Planorbidae,Scraper/grazer,Other (specify in comments),Consume mostly the thin film of algae that covers most submerged surfaces; also occasionally feed on dead plant and animal materials.,6655
Planorbidae,Scraper/grazer,,"Prefers consuming detritus, but will also eat periphyton and bacteria.",6245
Planorbidae,Scraper/grazer,Other (specify in comments),Consume mostly the thin film of algae that covers most submerged surfaces; also occasionally feed on dead plant and animal materials.,6644
Chironomidae,Predator,Collector-gatherer,"Engulfer and Piercer of Rotifera, Microcrustacea, Chironomidae",6940
Chironomidae,Predator,,Engulfer of Chironomidae,6930
Chironomidae,Predator,,Engulfers,6941
Chironomidae,Collector-gatherer,,,7106
Chironomidae,Collector-gatherer,Scraper/grazer,,6960
Chironomidae,Collector-gatherer,Scraper/grazer,Scraper?,6962
Chironomidae,Other (specify in comments),Shredder,"some mine in wood, others eat leaves",3117
Chironomidae,Scraper/grazer,Collector-gatherer,"Detrivore, chewer",6975
Chironomidae,Scraper/grazer,,large sand grains in gut,3103
Chironomidae,Predator,,"Engulfer of Protozoa, Cladocera, Ostracoda, Tardigrada, Hydracarina, Chironomidae",6931
Chironomidae,Predator,,Engulfer of black fly larvae,6977
Chironomidae,Predator,,"Feed on pupal Hydropsyche and Cheumatopsyche; egg, larvae, pupal of Simulium.",8315
Chironomidae,Predator,,feed on simulid larvae,10214
Chironomidae,Other (specify in comments),,miner in wood,2876
Chironomidae,Collector-gatherer,,,6978
Chironomidae,Collector-gatherer,,,5732
Chironomidae,Collector-gatherer,Shredder,"Few collector-filterer, Herbivore",7109
Chironomidae,Collector-gatherer,,,8137
Chironomidae,Collector-gatherer,Other (specify in comments),Detritivore,11292
Chironomidae,Collector-gatherer,Other (specify in comments),Detritivore,11293
Chironomidae,Collector-gatherer,,,7110
Chironomidae,Collector-gatherer,Collector-filterer,,7118
Chironomidae,Predator,,"Engulfer of Oligochaeta, Ostracoda, Chironomidae",6927
Chironomidae,Predator,,"Engulfer of Oligochaeta, Cladocera, Chironomidae",6928
Chironomidae,Predator,,"Engulfer and Piercer of Chironomidae, Trichoptera, Ephemeroptera",6942
Chironomidae,Collector-gatherer,,some instar 1 planktonic,6972
Chironomidae,Shredder,Collector-gatherer,"Herbivores, hewers",6979
Chironomidae,Scraper/grazer,,Algae-Nostoc parameliodides.,7865
Chironomidae,Predator,,"Engulfer of Protozoa, Microcrustacea, Chironomidae, Piercer of Oligochaeta",7111
Chironomidae,Collector-gatherer,,,7121
Chironomidae,Collector-gatherer,,,7122
Chironomidae,Collector-gatherer,Scraper/grazer,Scraper?,6963
Chironomidae,Collector-gatherer,Collector-filterer,Scraper?,7123
Chironomidae,Collector-gatherer,,Gatherer?,6980
Chironomidae,Predator,,Engulfer,6937
Chironomidae,Collector-gatherer,,,7124
Chironomidae,Shredder,Collector-filterer,"Collector-gatherer, Herbivore, Chewer of Macroalgae",7125
Chironomidae,Collector-gatherer,Parasite,"Commensal, Parasite on lotic insect",6981
Chironomidae,Collector-gatherer,Scraper/grazer,Predator/Engulfer of chironomid eggs and larvae,6982
Chironomidae,Shredder,Collector-filterer,"Collector-gatherer, Chewer, Herbivore,",7127
Chironomidae,Collector-gatherer,Other (specify in comments),Detritivore,11294
Chironomidae,Collector-gatherer,,,7128
Chironomidae,Predator,,Engulfer,6943
Chironomidae,Collector-gatherer,Scraper/grazer,,6986
Chironomidae,Collector-gatherer,Scraper/grazer,Scraper?,7129
Chironomidae,Collector-gatherer,Scraper/grazer,Scraper?,6988
Chironomidae,Predator,,,3107
Chironomidae,Scraper/grazer,Collector-gatherer,,6989
Chironomidae,Collector-gatherer,,,7130
Chironomidae,Predator,,Engulfer,6946
Chironomidae,Collector-gatherer,,,6990
Chironomidae,Predator,,"Engulfer and Piercer of Oligochaeta, Cladocera, Ostracoda",6947
Chironomidae,Predator,,Engulfer,6948
Chironomidae,Collector-gatherer,,,7132
Chironomidae,Collector-gatherer,,Gatherer?,6991
Chironomidae,Collector-gatherer,,,6992
Chironomidae,Predator,,"Engulfer of Protozoa, Cladocera, Ostracoda, Crustacea, Ceratopogonidae, Chironomidae",6934
Chironomidae,Collector-gatherer,Predator,Engulfer,6993
Chironomidae,Collector-gatherer,,,7134
Chironomidae,Collector-gatherer,,,7181
Chironomidae,Collector-filterer,Collector-gatherer,,7135
Chironomidae,Collector-gatherer,,Gather?,6969
Chironomidae,Predator,,Engulfer,6950
Chironomidae,Collector-gatherer,,,6994
Chironomidae,Predator,,"Engulfer of Cladocera, Ostracoda, Copepoda, Ceratopogonidae",6939
Chironomidae,Predator,,Engulfer,6951
Chironomidae,Collector-gatherer,,Gather?,6970
Chironomidae,Collector-gatherer,,Including diatoms,6996
Chironomidae,Scraper/grazer,,,7864
Chironomidae,Collector-gatherer,,,6997
Chironomidae,Predator,Collector-gatherer,"Parasite in Mollusca, Engulfer",7510
Chironomidae,Collector-gatherer,,,6998
Chironomidae,Collector-gatherer,,,6999
Chironomidae,Collector-gatherer,,,7008
Chironomidae,Collector-gatherer,,,7009
Chironomidae,Collector-gatherer,,,7172
Chironomidae,Collector-gatherer,,,7010
Chironomidae,Collector-gatherer,Scraper/grazer,,6961
Chironomidae,Collector-gatherer,,,7011
Chironomidae,Predator,Collector-gatherer,"Engulfer and Piercer;
Collector of diatom and detritus",6953
Chironomidae,Scraper/grazer,Collector-gatherer,Collector-filterer?,7173
Chironomidae,Shredder,Collector-gatherer,"Predator/Engulfer, Collector-filterer?, Herbivore",7174
Chironomidae,Collector-gatherer,Scraper/grazer,,6965
Chironomidae,Predator,Collector-gatherer,"Engulfer of Protozoa, Microcrustacea, Ephemeroptera, Ceratopogonidae, Gastrotricha",6938
Chironomidae,Predator,Collector-gatherer,,8138
Chironomidae,Collector-gatherer,,,6971
Chironomidae,Collector-gatherer,Shredder,Herbivore,7012
Chironomidae,Predator,,"Engulfer of Protozoa, Cladocera, Ostracoda, Crustacea, Trichoptera, Chironomidae",6935
Chironomidae,Collector-gatherer,,,7117
Chironomidae,Collector-gatherer,,,6966
Chironomidae,Collector-gatherer,,,7013
Chironomidae,Collector-gatherer,Shredder,"Herbivore, Chewer, Predator/Engulfer",7096
Chironomidae,Predator,,Engulfer and Piercer,6954
Chironomidae,Collector-filterer,,,7185
Chironomidae,Collector-gatherer,,,7175
Chironomidae,Collector-gatherer,,,7176
Chironomidae,Collector-gatherer,,,7098
Chironomidae,Collector-gatherer,,,7186
Chironomidae,Collector-gatherer,Shredder,Wood gouger,7179
Chironomidae,Collector-gatherer,Shredder,Herbivore,7180
Chironomidae,Parasite,,On mayfly and stonefly nymphs,7100
Chironomidae,Collector-gatherer,Scraper/grazer,Scraper?,6967
Chironomidae,Predator,Collector-gatherer,"Engulfer and Piercier; 
Collector of diatoms, filamentous green algae, detritus",6959
Chironomidae,Collector-gatherer,Collector-gatherer,Few scrapers,7189
Chironomidae,Predator,,Engulfer and Piercer,6955
Chironomidae,Collector-gatherer,,,6973
Chironomidae,Predator,,"Engulfer and Piercer of Protoza, Cladocera, Ostracoda, Chironomidae",6956
Chironomidae,Collector-gatherer,,,7113
Chironomidae,Predator,,,6957
Chironomidae,Collector-gatherer,,,7101
Chironomidae,Predator,,Engulfer of sponge,7114
Chironomidae,Collector-gatherer,,,7190
Chironomidae,Predator,,"Engulfer and Piercer of Oligochaeta, Ostracoda, Chironomidae",6958
Chironomidae,Other (specify in comments),,"Larvae are herbivores, detritivores, omnivores, or carnivores, depending on the genus.",3590
Chironomidae,Collector-gatherer,,,11370
Chironomidae,Collector-gatherer,,,11654
Chironomidae,Collector-gatherer,,,12170
Chironomidae,Predator,,,12180
Leptophlebiidae,Other (specify in comments),,Herbivorous,5692
Leptophlebiidae,Collector-gatherer,Scraper/grazer,,7270
Leptophlebiidae,Collector-gatherer,Scraper/grazer, Detritivore. Feed on periphyton.,12288
Leptophlebiidae,Shredder,Collector-gatherer,"Collector-filterer, scraper.",12527
Leptophlebiidae,Collector-gatherer,,Detritivore; gathers decaying FPOM.,590
Leptophlebiidae,Shredder,Collector-gatherer,"Collector-filterer, scraper.",12528
Leptophlebiidae,Scraper/grazer,Collector-gatherer,,7272
Leptophlebiidae,Collector-gatherer,Scraper/grazer, Detritivore. Feed on periphyton.,12289
Leptophlebiidae,Predator,Collector-gatherer,"Collector-filterer, scraper.",12529
Leptophlebiidae,Shredder,Collector-gatherer,Detritivores - somewhat ambiguous as to what feeding mode in particular they use.,614
Leptophlebiidae,Shredder,Collector-gatherer,Feeds on microbially-conditioned leaf surfaces.,619
Leptophlebiidae,Collector-gatherer,,,5699
Leptophlebiidae,Scraper/grazer,Collector-gatherer,fed on filamentous algae and diatoms,6144
Leptophlebiidae,Collector-gatherer,,,7273
Leptophlebiidae,Collector-gatherer,Scraper/grazer,,11587
Leptophlebiidae,Shredder,Collector-gatherer,"Collector-filterer, scraper.",12530
Leptophlebiidae,Collector-gatherer,Predator,,7274
Leptophlebiidae,Shredder,,,579
Leptophlebiidae,Collector-gatherer,,Feeds on detritus.,580
Leptophlebiidae,Shredder,,Detritus,581
Leptophlebiidae,Shredder,,Detritus.,582
Leptophlebiidae,Shredder,,Herbivorous,584
Leptophlebiidae,Collector-gatherer,,,5664
Leptophlebiidae,Collector-gatherer,Shredder,Detritivore,7275
Leptophlebiidae,Collector-gatherer,,,11588
Leptophlebiidae,Collector-gatherer,,,12171
Leptophlebiidae,Shredder,Collector-gatherer,Detritivore.,12268
Leptophlebiidae,Shredder,Collector-gatherer,"Collector-filterer, scraper.",12531
Leptophlebiidae,Collector-filterer,,,7277
Leptophlebiidae,Collector-filterer,, Detritivore.,12269
Leptophlebiidae,Shredder,Collector-gatherer,"Collector-filterer, scraper.",12532
Heptageniidae,Predator,,,1869
Heptageniidae,Predator,,chironomid heads in gut,1854
Heptageniidae,Predator,,,1866
Heptageniidae,Predator,,,1904
Heptageniidae,Predator,,,1906
Heptageniidae,Predator,,,3261
Heptageniidae,Predator,,Engulfer of midges,7239
Heptageniidae,Predator,,,12296
Heptageniidae,Scraper/grazer,Collector-gatherer,,7240
Heptageniidae,Scraper/grazer,,,6146
Heptageniidae,Scraper/grazer,Collector-gatherer,,7241
Heptageniidae,Collector-gatherer,Scraper/grazer, Detritivore. Feed on periphyton.,12282
Heptageniidae,Collector-gatherer,Scraper/grazer,,7242
Heptageniidae,Scraper/grazer,,,11384
Heptageniidae,Collector-gatherer,Scraper/grazer,,11556
Heptageniidae,Collector-gatherer,Scraper/grazer, Detritivore. Feed on periphyton.,12283
Heptageniidae,Collector-gatherer,,,11557
Heptageniidae,Collector-gatherer,Scraper/grazer,,11558
Heptageniidae,Collector-gatherer,Scraper/grazer,,11559
Heptageniidae,Collector-gatherer,,,11560
Heptageniidae,Collector-gatherer,,,11561
Heptageniidae,Collector-gatherer,Scraper/grazer,,11562
Heptageniidae,Collector-gatherer,Scraper/grazer, Detritivore. Feed on periphyton.,12284
Heptageniidae,Scraper/grazer,Collector-gatherer,,7018
Heptageniidae,Scraper/grazer,Collector-gatherer,,7243
Heptageniidae,Scraper/grazer,,Collectors,7244
Heptageniidae,Scraper/grazer,Collector-gatherer,,7245
Heptageniidae,Predator,,,1872
Heptageniidae,Predator,,Engulfer,7246
Heptageniidae,Scraper/grazer,,"""Diatom rakes"" are present on end of maxilla.",655
Heptageniidae,Scraper/grazer,,"diatoms primarily, and detritus and sediment in guts",1864
Heptageniidae,Scraper/grazer,,,5002
Heptageniidae,Collector-gatherer,Scraper/grazer,,6740
Heptageniidae,Collector-gatherer,Scraper/grazer,,11563
Heptageniidae,Collector-gatherer,Scraper/grazer,,11564
Heptageniidae,Collector-gatherer,Scraper/grazer,,11565
Heptageniidae,Collector-gatherer,Scraper/grazer, Detritivore. Feed on periphyton.,12285
Heptageniidae,Scraper/grazer,,,1863
Heptageniidae,Collector-gatherer,Scraper/grazer,ate detritus in food trials and could not scrape diatoms; opportunistic grazer on flocculent algae,1915
Heptageniidae,Collector-gatherer,Scraper/grazer,,7247
Heptageniidae,Scraper/grazer,,detritivores,10890
Heptageniidae,Collector-gatherer,Scraper/grazer, Detritivore. Feed on periphyton.,12286
Heptageniidae,Scraper/grazer,Collector-gatherer,"eats algae, diatoms, and detritus",829
Heptageniidae,Scraper/grazer,Collector-gatherer,"eats algae, diatoms, and detritus",906
Heptageniidae,Scraper/grazer,Collector-gatherer,"eats algae, diatoms, and detritus",907
Heptageniidae,Scraper/grazer,Collector-gatherer,"eats algae, diatoms, and detritus",908
Heptageniidae,Scraper/grazer,Collector-gatherer,"eats algae, diatoms, and detritus",909
Heptageniidae,Scraper/grazer,Collector-gatherer,"eats algae, diatoms, and detritus",910
Heptageniidae,Scraper/grazer,Collector-gatherer,"eats algae, diatoms, and detritus",911
Heptageniidae,Scraper/grazer,Collector-gatherer,"eats algae, diatoms, and detritus",912
Heptageniidae,Scraper/grazer,Collector-gatherer,"eats algae, diatoms, and detritus",913
Heptageniidae,Scraper/grazer,Collector-gatherer,"eats algae, diatoms, and detritus",914
Heptageniidae,Scraper/grazer,Collector-gatherer,"eats algae, diatoms, and detritus",915
Heptageniidae,Scraper/grazer,Collector-gatherer,"eats algae, diatoms, and detritus",916
Heptageniidae,Scraper/grazer,Collector-gatherer,"eats algae, diatoms, and detritus",917
Heptageniidae,Scraper/grazer,Collector-gatherer,"eats algae, diatoms, and detritus",924
Heptageniidae,Scraper/grazer,Collector-gatherer,"eats algae, diatoms, and detritus",925
Heptageniidae,Scraper/grazer,Collector-gatherer,"eats algae, diatoms, and detritus",926
Heptageniidae,Scraper/grazer,,ate diatoms,1985
Heptageniidae,Scraper/grazer,Collector-gatherer,,7248
Heptageniidae,Scraper/grazer,,detritivores,10891
Heptageniidae,Scraper/grazer,,,11385
Heptageniidae,Collector-gatherer,Scraper/grazer,,11566
Heptageniidae,Collector-gatherer,Scraper/grazer,,11567
Heptageniidae,Collector-gatherer,Scraper/grazer,,11568
Heptageniidae,Collector-gatherer,Scraper/grazer,,11569
Heptageniidae,Collector-gatherer,,,11570
Heptageniidae,Collector-gatherer,,,11571
Heptageniidae,Collector-gatherer,,,11572
Heptageniidae,Collector-gatherer,Scraper/grazer,,11573
Heptageniidae,Collector-gatherer,Scraper/grazer,,11574
Heptageniidae,Collector-gatherer,Scraper/grazer,,11575
Heptageniidae,Collector-gatherer,Scraper/grazer,,11576
Heptageniidae,Collector-gatherer,,,12172
Heptageniidae,Collector-gatherer,Scraper/grazer, Detritivore. Feed on periphyton.,12287
Heptageniidae,Scraper/grazer,Collector-gatherer,,6758
Ancylidae,Scraper/grazer,,Graze on diatoms.,6269
Ancylidae,Scraper/grazer,,Graze on periphyton.,6280
Ancylidae,Scraper/grazer,,Graze on periphyton.,6278
Ancylidae,Scraper/grazer,,Graze on periphyton.,6279
Ancylidae,Scraper/grazer,,Graze on periphyton.,6277
Ancylidae,Scraper/grazer,,Graze on periphyton.,6241
Ancylidae,Scraper/grazer,Other (specify in comments),Consume mostly the thin film of algae that covers most submerged surfaces; also occasionally feed on dead plant and animal materials.,6637
Physidae,Scraper/grazer,,"Consume periphyton, diatoms, and detritus.",6248
Physidae,Scraper/grazer,Other (specify in comments),Consume mostly the thin film of algae that covers most submerged surfaces; also occasionally feed on dead plant and animal materials.,6652
Physidae,Scraper/grazer,,"Consume periphyton, diatoms, and detritus.",6247
Physidae,Other (specify in comments),,"Omnivorous scavengers; consume algae that covers most submerged surfaces, dead plant and animal materials.",6657
Physidae,Other (specify in comments),,"Omnivorous scavengers; consume algae that covers most submerged surfaces, dead plant and animal materials.",6659
Physidae,Other (specify in comments),,"Omnivorous scavengers; consume algae that covers most submerged surfaces, dead plant and animal materials.",6660
Physidae,Scraper/grazer,,"Prefers consuming detritus, but will also eat periphyton and bacteria.",6244
Physidae,Scraper/grazer,Other (specify in comments),Consume mostly the thin film of algae that covers most submerged surfaces; also occasionally feed on dead plant and animal materials.,6643
Polycentropodidae,Predator,,Consumed chironomid larvae and small crustaceans.,354
Polycentropodidae,Predator,,Consume chironomid larvae and microcrustaceans.,1558
Polycentropodidae,Predator,,Engulfer,7621
Polycentropodidae,Predator,Collector-filterer,,355
Polycentropodidae,Collector-filterer,Predator,Primarily carnivores that feed on small insects and other animals captured by their nets; some also consume algae.,3445
Polycentropodidae,Collector-filterer,,,7622
Polycentropodidae,Collector-filterer,Predator,Consumes mostly zooplankton and insects.,356
Polycentropodidae,Collector-filterer,,Consume both animal and plant materials.,1565
Polycentropodidae,Collector-filterer,,Consume both animal and plant materials.,1566
Polycentropodidae,Collector-filterer,,Consume both animal and plant materials.,1567
Polycentropodidae,Collector-filterer,,Consume both animal and plant materials.,1568
Polycentropodidae,Collector-filterer,Predator,Primarily carnivores that feed on small insects and other animals captured by their nets; some also consume algae.,3444
Polycentropodidae,Collector-filterer,Shredder,"Predator/Engulfer, Herbivore",7623
Polycentropodidae,Predator,,,11613
Polycentropodidae,Shredder,Collector-filterer,Predator,13218
Polycentropodidae,Predator,,,1569
Polycentropodidae,Predator,,,1570
Polycentropodidae,Predator,,,1571
Polycentropodidae,Predator,,,1572
Polycentropodidae,Predator,,,1573
Polycentropodidae,Predator,,,1574
Polycentropodidae,Shredder,Collector-filterer,Predator,13231
Polycentropodidae,Predator,Collector-filterer,"Shredder-herbivore, Engulfer",7624
Polycentropodidae,Predator,,Consumes chironomids in lakes (down to 5 m).,357
Polycentropodidae,Predator,,,1575
Polycentropodidae,Predator,,,1576
Polycentropodidae,Predator,,,1577
Polycentropodidae,Predator,,,1578
Polycentropodidae,Predator,,,1579
Polycentropodidae,Predator,,,1580
Polycentropodidae,Predator,,,1581
Polycentropodidae,Predator,,,1582
Polycentropodidae,Predator,,,1583
Polycentropodidae,Predator,,,1584
Polycentropodidae,Predator,,,1585
Polycentropodidae,Predator,,,1586
Polycentropodidae,Predator,,,1587
Polycentropodidae,Predator,,,1588
Polycentropodidae,Predator,,,1589
Polycentropodidae,Predator,,,1590
Polycentropodidae,Predator,,,1591
Polycentropodidae,Predator,,,1592
Polycentropodidae,Predator,,,1593
Polycentropodidae,Predator,,,1594
Polycentropodidae,Predator,,,1595
Polycentropodidae,Predator,,,1596
Polycentropodidae,Predator,,,1597
Polycentropodidae,Predator,,,1598
Polycentropodidae,Predator,,,1599
Polycentropodidae,Predator,,,1600
Polycentropodidae,Predator,,,1601
Polycentropodidae,Predator,,,1602
Polycentropodidae,Predator,,,1603
Polycentropodidae,Predator,,,1604
Polycentropodidae,Predator,,,1605
Polycentropodidae,Predator,,,1606
Polycentropodidae,Predator,,,1607
Polycentropodidae,Predator,,Larvae remain in retreat until prey touch outlying silk strands (like a spider).,2752
Polycentropodidae,Collector-filterer,Predator,Primarily carnivores that feed on small insects and other animals captured by their nets; some also consume algae.,3443
Polycentropodidae,Predator,Collector-filterer,"Shredder-herbivore, Engulfer",7625
Polycentropodidae,Predator,,,11614
Polycentropodidae,Predator,,,11615
Polycentropodidae,Predator,,,12065
Polycentropodidae,Shredder,Collector-filterer,Predator,13219
Polycentropodidae,Collector-gatherer,,Consume plankton.,2772
Polycentropodidae,Collector-filterer,Predator,Primarily carnivores that feed on small insects and other animals captured by their nets; some also consume algae.,3418
Polycentropodidae,Predator,,Use retreat nets to capture prey,11489
Coenagrionidae,Predator,,,180
Coenagrionidae,Predator,,Engulfer,7795
Coenagrionidae,Predator,,,370
Coenagrionidae,Predator,,,385
Coenagrionidae,Predator,,,386
Coenagrionidae,Predator,,,387
Coenagrionidae,Predator,,,388
Coenagrionidae,Predator,,,389
Coenagrionidae,Predator,,,390
Coenagrionidae,Predator,,,391
Coenagrionidae,Predator,,,392
Coenagrionidae,Predator,,,393
Coenagrionidae,Predator,,,394
Coenagrionidae,Predator,,,3279
Coenagrionidae,Predator,,Engulfer,7796
Coenagrionidae,Predator,,Engulfer,7797
Coenagrionidae,Predator,,,376
Coenagrionidae,Predator,,,377
Coenagrionidae,Predator,,,378
Coenagrionidae,Predator,,,379
Coenagrionidae,Predator,,,380
Coenagrionidae,Predator,,,381
Coenagrionidae,Predator,,,382
Coenagrionidae,Predator,,,383
Coenagrionidae,Predator,,,384
Coenagrionidae,Predator,,,3280
Coenagrionidae,Predator,,Engulfer of Cladocera,7798
Coenagrionidae,Predator,,,12786
Coenagrionidae,Predator,,"Feed on cladocerans and chrionomid larvae, some sm mayfly and stonfly nymphs, water mites.",12788
Coenagrionidae,Predator,,,50
Coenagrionidae,Predator,,,52
Coenagrionidae,Predator,,,53
Coenagrionidae,Predator,,Engulfer of Cladocera and Chironomidae,7799
Coenagrionidae,Predator,,Feed on entomostracans and chronomid larvae.,12794
Coenagrionidae,Predator,,,177
Coenagrionidae,Predator,,Engulfer,7034
Coenagrionidae,Predator,,,63
Coenagrionidae,Predator,,,178
Coenagrionidae,Predator,,,179
Coenagrionidae,Predator,,Engulfer,7035
Coenagrionidae,Predator,,,181
Coenagrionidae,Predator,,Engulfer,7036
Coenagrionidae,Predator,,,3276
Coenagrionidae,Predator,,"Typically are sit and wait predators, but will search for food sometimes",11488
Hydroptilidae,Scraper/grazer,,Consumes algae and diatoms,288
Hydroptilidae,Scraper/grazer,,Consumes filamentous algae.,289
Hydroptilidae,Piercer herbivore,Collector-gatherer,,7648
Hydroptilidae,Scraper/grazer,,,11013
Hydroptilidae,Scraper/grazer,,,11109
Hydroptilidae,Collector-gatherer,Scraper/grazer,,11625
Hydroptilidae,Collector-filterer,,,13247
Hydroptilidae,Scraper/grazer,,Early instars eat diatoms; late instars eat Lemanea (red algae) exclusively.,290
Hydroptilidae,Scraper/grazer,,,7649
Hydroptilidae,Scraper/grazer,,Algae-Lemanea australis.,7866
Hydroptilidae,Shredder,,,13202
Hydroptilidae,Scraper/grazer,,Eat filamentous algae by piercing cells.,291
Hydroptilidae,Scraper/grazer,,Feed on either filamentous or periphytic algae.,1123
Hydroptilidae,Scraper/grazer,,Feed on either filamentous or periphytic algae.,1124
Hydroptilidae,Scraper/grazer,,Feed on either filamentous or periphytic algae.,1125
Hydroptilidae,Scraper/grazer,,Feed on either filamentous or periphytic algae.,1126
Hydroptilidae,Scraper/grazer,,Feed on either filamentous or periphytic algae.,1127
Hydroptilidae,Scraper/grazer,,Feed on either filamentous or periphytic algae.,1128
Hydroptilidae,Scraper/grazer,,Feed on either filamentous or periphytic algae.,1129
Hydroptilidae,Scraper/grazer,,Feed on either filamentous or periphytic algae.,1130
Hydroptilidae,Scraper/grazer,,Feed on either filamentous or periphytic algae.,1131
Hydroptilidae,Scraper/grazer,,Scrapes periphyton/diatoms from rock surfaces.,1254
Hydroptilidae,Piercer herbivore,Scraper/grazer,,7650
Hydroptilidae,Scraper/grazer,,,11113
Hydroptilidae,Scraper/grazer,,,11114
Hydroptilidae,Scraper/grazer,,,11115
Hydroptilidae,Scraper/grazer,,,13261
Hydroptilidae,Scraper/grazer,,Eats diatoms.,292
Hydroptilidae,Scraper/grazer,,Eats diatoms.,293
Hydroptilidae,Scraper/grazer,,,7657
Hydroptilidae,Scraper/grazer,,,13262
Hydroptilidae,Scraper/grazer,,,294
Hydroptilidae,Scraper/grazer,,Eats periphyton and FPOM.,295
Hydroptilidae,Scraper/grazer,,Feed on FPOM and diatoms on rock surfaces.,2775
Hydroptilidae,Scraper/grazer,Collector-gatherer,,7655
Hydroptilidae,Scraper/grazer,,,11107
Hydroptilidae,Scraper/grazer,Collector-gatherer,,11626
Hydroptilidae,Collector-filterer,Scraper/grazer,,13248
Hydroptilidae,Scraper/grazer,,Guts contained fine organic particles.,296
Hydroptilidae,Scraper/grazer,,,7660
Hydroptilidae,Scraper/grazer,,,11116
Hydroptilidae,Scraper/grazer,,,297
Hydroptilidae,Scraper/grazer,,,298
Hydroptilidae,Scraper/grazer,,,7659
Hydroptilidae,Scraper/grazer,,Scrapes diatoms off rock surfaces.,299
Hydroptilidae,Scraper/grazer,,Grazed periphyton from within a madicole over exposed bedrock.,1300
Hydroptilidae,Scraper/grazer,,Consumes diatoms.,1305
Hydroptilidae,Collector-gatherer,Piercer herbivore,,7651
Hydroptilidae,Collector-filterer,,,13249
Hydroptilidae,Scraper/grazer,Piercer herbivore,Pointed labrum specially designed to puncture and feed on more robust algal filaments.,300
Hydroptilidae,Piercer herbivore,,,7658
Hydroptilidae,Scraper/grazer,Piercer herbivore,Puncture cells of filamentous algae; also eat diatoms and entire strands of filamentous algae.,301
Hydroptilidae,Piercer herbivore,,Pierce algal cells and eat contents.,1262
Hydroptilidae,Piercer herbivore,Collector-gatherer,Scraper?,7652
Hydroptilidae,Collector-filterer,,,13250
Hydroptilidae,Shredder,,Detritivore,7647
Hydroptilidae,Shredder,,,11392
Hydroptilidae,Scraper/grazer,,,302
Hydroptilidae,Scraper/grazer,,,303
Hydroptilidae,Scraper/grazer,,Feed on either filamentous or periphytic algae.,1132
Hydroptilidae,Shredder,,,7654
Hydroptilidae,Scraper/grazer,,Graze on periphyton,304
Hydroptilidae,Scraper/grazer,Collector-gatherer,,7656
Hydroptilidae,Piercer herbivore,,Consume filamentous algae by piercing and sucking.,2766
Hydroptilidae,Scraper/grazer,Shredder,Collector Gatherer.  Feed on filamentous algae or vascular plant tissues and periphyton.,13273
Molannidae,Other (specify in comments),,"Omnivorous; consumes diatoms, filamentous algae, vascular plant tissue, and small invertebrates.",341
Molannidae,Other (specify in comments),,"Omnivorous; consumes diatoms, filamentous algae, vascular plant tissue, and small invertebrates.",342
Molannidae,Predator,,,2758
Molannidae,Scraper/grazer,,,5349
Molannidae,Collector-filterer,Scraper/grazer,Predator,13254
Molannidae,Scraper/grazer,Collector-gatherer,Predator,13627
Leptoceridae,Shredder,,Feed on detritus and freshwater sponges.,306
Leptoceridae,Shredder,,Feed on freshwater sponge,1190
Leptoceridae,Scraper/grazer,,,2754
Leptoceridae,Other (specify in comments),,feeds on freshwater sponge,5352
Leptoceridae,Other (specify in comments),,feeds on freshwater sponge,5353
Leptoceridae,Other (specify in comments),,feeds on freshwater sponge,5354
Leptoceridae,Other (specify in comments),,detritivore,5355
Leptoceridae,Other (specify in comments),,detritivore,5621
Leptoceridae,Predator,Collector-gatherer,Feeds on freshwater sponge,6070
Leptoceridae,Scraper/grazer,,feeds on detritus,6071
Leptoceridae,Collector-gatherer,Shredder,"Predator/Engulfer of sponge, Herbivore",7740
Leptoceridae,Collector-gatherer,Predator,,11633
Leptoceridae,Collector-filterer,,,13251
Leptoceridae,Shredder,,,13203
Leptoceridae,Other (specify in comments),,Omnivorous,307
Leptoceridae,Other (specify in comments),,Fine particles of plant materials; arthropods.,308
Leptoceridae,Other (specify in comments),,Omnivorous,2755
Leptoceridae,Collector-gatherer,Shredder,Herbivore,7741
Leptoceridae,Shredder,Collector-gatherer,,13204
Leptoceridae,Other (specify in comments),,"FPOM, vascular plant tissue, ostracods.",309
Leptoceridae,Collector-gatherer,,,1535
Leptoceridae,Scraper/grazer,,"Larvae found ""feeding on"" Salix rootlets and Elodea (feeding mode not specifically mentioned).",1541
Leptoceridae,Other (specify in comments),,Omnivorous,2756
Leptoceridae,Shredder,Collector-gatherer,"Predator/Engulfer, Herbivore",7742
Leptoceridae,Predator,Scraper/grazer,sometimes detritivores,11634
Leptoceridae,Predator,Collector-gatherer,,11635
Leptoceridae,Shredder,Collector-gatherer,Predator,13205
Leptoceridae,Predator,,,310
Leptoceridae,Predator,,,1498
Leptoceridae,Predator,,,1499
Leptoceridae,Predator,,,1500
Leptoceridae,Predator,,,1501
Leptoceridae,Predator,,,1502
Leptoceridae,Predator,,,1503
Leptoceridae,Predator,,,1504
Leptoceridae,Predator,,,1505
Leptoceridae,Predator,,,1506
Leptoceridae,Predator,,,1507
Leptoceridae,Predator,,,1508
Leptoceridae,Predator,,,1509
Leptoceridae,Predator,,,1510
Leptoceridae,Predator,,,1511
Leptoceridae,Predator,,,1512
Leptoceridae,Predator,,,1513
Leptoceridae,Predator,,,1514
Leptoceridae,Predator,,,1515
Leptoceridae,Predator,,,1516
Leptoceridae,Predator,,,1517
Leptoceridae,Predator,,,1518
Leptoceridae,Predator,,,1519
Leptoceridae,Predator,,,1520
Leptoceridae,Predator,,,1521
Leptoceridae,Predator,,,2757
Leptoceridae,Predator,,,3457
Leptoceridae,Predator,Shredder,"Engulfer, Herbivore",7743
Leptoceridae,Predator,,,11119
Leptoceridae,Predator,,,11636
Leptoceridae,Predator,,,11637
Leptoceridae,Shredder,Collector-gatherer,Predator,13206
Leptoceridae,Other (specify in comments),,"Omnivorous (fine particles, vascular plant fragments, arthropods)",311
Leptoceridae,Predator,,"Ambushes prey by burying its case into substrate, leaving the open end of the case just at the substrate surface.",2738
Leptoceridae,Predator,Collector-gatherer,Algae,7677
Leptoceridae,Collector-gatherer,Predator,Engulfer,7744
Leptoceridae,Predator,,,7819
Leptoceridae,Shredder,,Living plant material.,312
Leptoceridae,Shredder,,Consume green plants.,2760
Leptoceridae,Shredder,,Herbivore,7745
Leptoceridae,Shredder,,,13207
Leptoceridae,Shredder,,Herbivore,7746
Leptoceridae,Shredder,Collector-gatherer,Predator.  Feed on living plant tissue and detritus.,13275
Elmidae,Other (specify in comments),,Larvae and adults are herbivorous.,3544
Elmidae,Collector-gatherer,Collector-filterer,Scraper,7416
Elmidae,Other (specify in comments),,Larvae and adults are herbivorous.,3545
Elmidae,Shredder,,larvae gouge wood,2826
Elmidae,Shredder,,Detritivore,7425
Elmidae,Shredder,,Wood gouger; feed on wood.,8155
Elmidae,Other (specify in comments),,Larvae and adults are herbivorous.,3543
Elmidae,Collector-gatherer,Collector-filterer,,7426
Elmidae,Other (specify in comments),,Larvae and adults are herbivorous.,3548
Elmidae,Predator,,,14029
Elmidae,Other (specify in comments),,Larvae and adults are herbivorous.,3547
Elmidae,Scraper/grazer,Collector-gatherer,,7431
Elmidae,Other (specify in comments),,Larvae and adults are herbivorous.,3546
Elmidae,Scraper/grazer,Collector-gatherer,,7223
Elmidae,Scraper/grazer,,Feed on algae on rocks or upon decaying waterlogged wood.,3339
Elmidae,Other (specify in comments),,Larvae and adults are herbivorous.,3530
Helicopsychidae,Shredder,Scraper/grazer,"Consumes detritus, diatoms, mosses, and filamentous algae in the travertine surfaces of rocks.",1793
Helicopsychidae,Scraper/grazer,,Feed on algae and diatoms.,3425
Helicopsychidae,Collector-gatherer,,,5523
Helicopsychidae,Scraper/grazer,,,7736
Helicopsychidae,Scraper/grazer,,Algae,7858
Helicopsychidae,Scraper/grazer,Collector-gatherer,,11648
Helicopsychidae,Scraper/grazer,,,13260
Helicopsychidae,Scraper/grazer,,"Feed on algae, periphyton.",13318
Helicopsychidae,Scraper/grazer,,,8120
Lepidostomatidae,Shredder,,,305
Lepidostomatidae,Shredder,,"Mostly detritivores, but sometimes consume algae or animal material.",3426
Lepidostomatidae,Shredder,,"Detritivore, Scavenger",7673
Lepidostomatidae,Shredder,,,7868
Lepidostomatidae,Other (specify in comments),,Scavenger of dead fish.,8314
Lepidostomatidae,Shredder,,Feed on dead leaves and decaying wood.,8705
Lepidostomatidae,Shredder,,,9212
Lepidostomatidae,Shredder,,,9213
Lepidostomatidae,Shredder,,,11393
Lepidostomatidae,Collector-gatherer,Scraper/grazer,,11638
Lepidostomatidae,Collector-gatherer,Scraper/grazer,,11639
Lepidostomatidae,Shredder,,,12057
Lepidostomatidae,Shredder,,,12165
Lepidostomatidae,Shredder,,,13222
Lepidostomatidae,Shredder,,Detritivore,7674
Lepidostomatidae,Shredder,,,13274
Sisyridae,Other (specify in comments),,Feed exclusively on freshwater sponges; have sucking mouthparts.,3522
Sisyridae,Other (specify in comments),,Feeds on freshwater sponges,5457
Sisyridae,Other (specify in comments),,"Feed on sponges, occassionally bryozoans and algae.",13191
Polymitarcyidae,Collector-filterer,,,5659
Polymitarcyidae,Collector-filterer,Collector-gatherer,,6044
Polymitarcyidae,Collector-gatherer,Collector-filterer,,7282
Polymitarcyidae,Collector-gatherer,Scraper/grazer,,11600
Polymitarcyidae,Collector-gatherer,, Detritivore.,12292
Polymitarcyidae,Collector-gatherer,,,12406
Polymitarcyidae,Collector-filterer,,,873
Polymitarcyidae,Collector-gatherer,,,12408
Polymitarcyidae,Collector-filterer,Scraper/grazer,Feed on algae and detritus,8090
Baetidae,Collector-gatherer,,,7141
Baetidae,Collector-gatherer,,,7142
Baetidae,Scraper/grazer,,Consumes periphyton,970
Baetidae,Scraper/grazer,,"Consume algae and periphyton, often in association with Glossosoma cases.",1134
Baetidae,Scraper/grazer,,,5686
Baetidae,Collector-gatherer,Scraper/grazer,,7144
Baetidae,Collector-gatherer,Scraper/grazer,,11577
Baetidae,Collector-gatherer,Scraper/grazer,,11578
Baetidae,Scraper/grazer,Collector-gatherer,,11579
Baetidae,Collector-gatherer,Scraper/grazer,,11580
Baetidae,Collector-gatherer,Scraper/grazer,,11581
Baetidae,Collector-gatherer,Scraper/grazer,,11582
Baetidae,Collector-gatherer,Scraper/grazer,,11583
Baetidae,Collector-gatherer,Scraper/grazer,,11651
Baetidae,Collector-gatherer,Scraper/grazer, Detritivore. Feed on periphyon.,12272
Baetidae,Scraper/grazer,,,7145
Baetidae,Collector-gatherer,,,7146
Baetidae,Scraper/grazer,,,5690
Baetidae,Collector-gatherer,,,7147
Baetidae,Other (specify in comments),,Eats plant material,5691
Baetidae,Collector-gatherer,Scraper/grazer,,7149
Baetidae,Collector-gatherer,Scraper/grazer, Detritivore. Feed on periphyon.,12274
Baetidae,Collector-gatherer,,,7151
Baetidae,Collector-gatherer,,,7150
Baetidae,Collector-gatherer,Scraper/grazer, Detritivore. Feed on periphyon.,12275
Baetidae,Scraper/grazer,,,7154
Baetidae,Scraper/grazer,,,7155
Baetidae,Scraper/grazer,Shredder,Guts contained algae and detritus,1013
Baetidae,Collector-gatherer,Scraper/grazer,,7156
Baetidae,Collector-gatherer,,,7157
Baetidae,Scraper/grazer,,,5672
Baetidae,Collector-gatherer,Scraper/grazer,,11584
Baetidae,Collector-gatherer,Scraper/grazer,,11585
Baetidae,Collector-gatherer,Scraper/grazer,,11586
Baetidae,Collector-gatherer,Scraper/grazer, Detritivore. Feed on periphyon.,12276
Baetidae,Collector-gatherer,,,11380
Baetidae,Collector-gatherer,Scraper/grazer,,12567
Hebridae,Predator,,,2975
Hebridae,Predator,,Sucking mouth parts; almost all species are carnivorous as nymphs and adults.,3506
Hebridae,Predator,,Piercer-Carnivore,7583
Hebridae,Predator,,Piercer-Carnivore,7585
Hebridae,Predator,,,2976
Hebridae,Predator,,Sucking mouth parts; almost all species are carnivorous as nymphs and adults.,3507
Hebridae,Predator,,Piercer-Carnivore,7584
Hebridae,Predator,,Sucking mouth parts; almost all species are carnivorous as nymphs and adults.,3487
Hebridae,Predator,,"Feed on springtails, possibly microcrustacea",13084
Psephenidae,Scraper/grazer,,,7407
Psephenidae,Scraper/grazer,,,7408
Psephenidae,Scraper/grazer,,,7405
Psephenidae,Scraper/grazer,,Graze on diatoms and algae.,3333
Psephenidae,Scraper/grazer,,Feed on algae and diatoms.,3549
Psephenidae,Scraper/grazer,,,7406
Psephenidae,Scraper/grazer,,Feed on algae and diatoms.,3535
Ephemerellidae,Collector-gatherer,,,7250
Ephemerellidae,Collector-gatherer,Scraper/grazer,Scraper?,7251
Ephemerellidae,Collector-gatherer,Scraper/grazer,Major diet item is amorphous detritus,506
Ephemerellidae,Collector-gatherer,,?,7252
Ephemerellidae,Predator,,?,6749
Ephemerellidae,Scraper/grazer,,Some spp. Predators,7253
Ephemerellidae,Predator,,Engulfer,7254
Ephemerellidae,Predator,,?,7255
Ephemerellidae,Collector-gatherer,Scraper/grazer,Feeds mostly on detritus collected on the filamentous algae Cladophora; also consumes Cladophora itself and diatoms,508
Ephemerellidae,Scraper/grazer,Collector-gatherer,Feed on diatoms and detritus,509
Ephemerellidae,Shredder,,Consume both coarse and fine particular detritus.,515
Ephemerellidae,Collector-gatherer,Scraper/grazer,"Feed on detritus, diatoms, and filamentous algae, especially Cladophora.  Opportunistic predators of associated chironomids, hydropsychids, and simulids.",531
Ephemerellidae,Collector-gatherer,,algae and fine detritus,2851
Ephemerellidae,Collector-gatherer,,algae and fine detritus,2852
Ephemerellidae,Collector-gatherer,,algae and fine detritus,2853
Ephemerellidae,Collector-gatherer,Scraper/grazer,,7256
Ephemerellidae,Shredder,,,7257
Ephemerellidae,Scraper/grazer,,,11057
Ephemerellidae,Shredder,,,11381
Ephemerellidae,Collector-gatherer,Scraper/grazer,,11589
Ephemerellidae,Collector-gatherer,Scraper/grazer,,11590
Ephemerellidae,Collector-gatherer,Scraper/grazer,,11591
Ephemerellidae,Collector-gatherer,Scraper/grazer,,11592
Ephemerellidae,Collector-gatherer,Predator,algavore,11593
Ephemerellidae,Collector-gatherer,Scraper/grazer,,11594
Ephemerellidae,Collector-gatherer,Scraper/grazer,,11595
Ephemerellidae,Collector-gatherer,,,12173
Ephemerellidae,Shredder,Collector-gatherer,"Scraper/Grazer of periphyton. Predator. Herbivore, Detritivore.",12267
Ephemerellidae,Scraper/grazer,Collector-gatherer,Feed on diatoms and detritus,510
Ephemerellidae,Scraper/grazer,,Feed on biofilm and benthic detritus,512
Ephemerellidae,Collector-gatherer,,algae and fine detritus,2854
Ephemerellidae,Shredder,,fallen leaves,2855
Ephemerellidae,Collector-gatherer,,,7258
Ephemerellidae,Shredder,,,7259
Ephemerellidae,Shredder,,,11382
Ephemerellidae,Collector-gatherer,,,7260
Ephemerellidae,Collector-gatherer,,,7261
Ephemerellidae,Shredder,Scraper/grazer,"Drunella and Ephemerella larvae are omnivorous, also consuming chironomid larvae in addition to plant food.",3242
Ephemerellidae,Predator,,Preyed on baetidae,11398
Hydrophilidae,Other (specify in comments),,Adults are scavengers.,3407
Hydrophilidae,Predator,,,12241
Hydrophilidae,Other (specify in comments),,Adults are scavengers.,3378
Hydrophilidae,Piercer herbivore,Collector-gatherer,Shredder,7383
Hydrophilidae,Predator,,Feed on small invertebrates; cannibalistic.,12232
Hydrophilidae,Scraper/grazer,,Feed on algae and plant materials.,12234
Hydrophilidae,Shredder,,,14350
Hydrophilidae,Other (specify in comments),,Adults are scavengers.,3373
Hydrophilidae,Predator,,Feed on small inverts.,12235
Hydrophilidae,Other (specify in comments),,Adults are scavengers.,3408
Hydrophilidae,Other (specify in comments),,Adults are scavengers.,3578
Hydrophilidae,Predator,,Also cannibalistic; feed on unhatched eggs of own sp.,12341
Hydrophilidae,Predator,,Also cannibalistic.,12233
Hydrophilidae,Scraper/grazer,,Feed on algae and decaying plant material.,12236
Hydrophilidae,Other (specify in comments),,Adults are scavengers.,3377
Hydrophilidae,Predator,,Not cannibalistic. Feed on snails,12358
Hydrophilidae,Other (specify in comments),,Adults are scavengers.,3404
Hydrophilidae,Predator,,Also cannibalistic.,12337
Hydrophilidae,Scraper/grazer,,Feed on algae and decaying plant material.,12338
Hydrophilidae,Predator,,Possibly predaceous.,12247
Hydrophilidae,Predator,,Also cannibalistic.,12248
Hydrophilidae,Other (specify in comments),,Adults are scavengers.,3409
Hydrophilidae,Predator,,Feed on aquatic invert and sm tadpoles.,12360
Hydrophilidae,Other (specify in comments),,Adults are scavengers.,3380
Hydrophilidae,Scraper/grazer,Other (specify in comments),Feed on algae and decaying plant material.  Scavenger of dead insect larvae or snails.,12354
Hydrophilidae,Scraper/grazer,Other (specify in comments),Feed on algae and decaying plant material.  Scavenger of dead insect larvae or snails.,12355
Hydrophilidae,Scraper/grazer,Other (specify in comments),Feed on algae and decaying plant material.  Scavenger of dead insect larvae or snails.,12356
Hydrophilidae,Predator,,Feed on other sm arthropods; also cannibalistic.,12357
Hydrophilidae,Other (specify in comments),,Adults are scavengers.,3375
Hydrophilidae,Other (specify in comments),,Adults are scavengers.,3376
Hydrophilidae,Predator,,Engulfer,7394
Hydrophilidae,Collector-gatherer,Piercer herbivore,,7395
Hydrophilidae,Predator,,"Feed on smal invert, mosquito larvae, arthropods, snails, small fish and tadpoles. Cannibalistic.",12362
Hydrophilidae,Scraper/grazer,Predator,Feed on plant material and sm fish.,12364
Hydrophilidae,Predator,,"Feed on snails, midge larvae, sm fish, gyrinid larvae, tadpoles, Hydophilus larvae, other aquatic nymph and larvae, crayfish.",13967
Hydrophilidae,Predator,,larvae are predators on chironomidae,3118
Hydrophilidae,Collector-gatherer,,adults eat detritus and diatoms,3119
Hydrophilidae,Collector-gatherer,,adults eat detritus and diatoms,3120
Hydrophilidae,Other (specify in comments),,Adults are scavengers.,3405
Hydrophilidae,Piercer herbivore,,,7396
Hydrophilidae,Predator,,Feed on inverts; cannibalistic.,12243
Hydrophilidae,Other (specify in comments),,Adults are scavengers.,3406
Hydrophilidae,Other (specify in comments),,Adults are scavengers.,3379
Hydrophilidae,Predator,,Also cannibalistic.,12229
Hydrophilidae,Other (specify in comments),,Adults are scavengers.,3374
Hydrophilidae,Predator,,Engulfer,7399
Hydrophilidae,Collector-gatherer,Piercer herbivore,,7400
Hydrophilidae,Predator,,Preyed on baetidae,11397
Hydrophilidae,Predator,,Feed on smal invert; cannibalistic.,12353
Hydrophilidae,Other (specify in comments),,Larvae are predators (but not aquatic); adults are scavengers.,3532
Hydrophilidae,Predator,,,13965
Hydrophilidae,Predator,,,14326
Perlidae,Predator,,,99
Perlidae,Predator,,Eats larval chironomids and hydrophsychids,100
Perlidae,Predator,,Consumed other stoneflies and mayflies,101
Perlidae,Predator,,,102
Perlidae,Predator,,Consumes larval chironomids and hydropsychids.,103
Perlidae,Predator,,,677
Perlidae,Predator,,"Feed on chironomids, mayflies, and other arthropods.",3368
Perlidae,Predator,,,3874
Perlidae,Predator,,,5044
Perlidae,Predator,,,5045
Perlidae,Predator,,,5046
Perlidae,Predator,,,5113
Perlidae,Predator,,,5114
Perlidae,Predator,,,5115
Perlidae,Predator,,,5496
Perlidae,Predator,,,5498
Perlidae,Predator,,,5499
Perlidae,Predator,,"Engulfer of Chironomidae, Ephemeroptera, Tricoptera, Plecoptera",7300
Perlidae,Predator,,,10873
Perlidae,Predator,,"Ate mostly chironomids, hydropsychids, and tipulids",11053
Perlidae,Predator,,Fed on a variety of invertebrates,11426
Perlidae,Predator,,,12183
Perlidae,Predator,,,12575
Perlidae,Predator,,Consumes chironomids and hydropsychids; mayflies and caddisflies.,119
Perlidae,Predator,,Consumes chironomids and mayflies,120
Perlidae,Predator,,Consumes chironomids and hydropsychids; mayflies and caddisflies.,121
Perlidae,Predator,,"Feed on chironomids, mayflies, and other arthropods.",3369
Perlidae,Predator,,,5047
Perlidae,Predator,,,5116
Perlidae,Predator,,,5246
Perlidae,Predator,,"Engulfer of Chironomidae, Ephemeroptera, Tricoptera",7296
Perlidae,Predator,,Tactile predators that forage using their antennae,10886
Perlidae,Predator,,feeding slows down over winter months,10977
Perlidae,Predator,,,11058
Perlidae,Predator,,,11348
Perlidae,Predator,,"Ate chironomids, and were also cannablistic",11399
Perlidae,Predator,,"Feed on chironomids, mayflies, and other arthropods.",3367
Perlidae,Predator,,,12593
Perlidae,Predator,,Dominant carnivores.,104
Perlidae,Predator,,,5013
Perlidae,Predator,,,12594
Perlidae,Predator,,"Dominant predators on benthic invertebrates, especially chironomids, Baetis, and hydropsychid larvae.",105
Perlidae,Predator,,,5497
Perlidae,Predator,,"Engulfer of Chironomidae, Ephemeroptera, Tricoptera",7302
Perlidae,Predator,,,7867
Perlidae,Predator,,,8152
Perlidae,Predator,,,11327
Perlidae,Predator,,"Opportunistic on chironomids, mayflies, caddisflies, and stoneflies.",122
Perlidae,Predator,Other (specify in comments),"incidental consumption (9% of gut contents) of algae, detritous",3683
Perlidae,Predator,,,3873
Perlidae,Predator,,,4557
Perlidae,Predator,,"Engulfer of  Chironomidae, Ephemeroptera, Tricoptera, Simuliidae",7297
Perlidae,Predator,Other (specify in comments),Sometimes facultative detritivores,10454
Perlidae,Predator,,Sometimes substantial amounts of detritus (possibly a facultative component of the diet),10879
Perlidae,Predator,,,11108
Perlidae,Predator,,,5501
Perlidae,Predator,,"Wide variety of prey; specializes on mayflies and chironomids.  Also eats SALAMANDERS!!!  Pierces gular region, shears off legs, and eats rest of body!!!",108
Perlidae,Predator,,larval salamenders are eaten,5117
Perlidae,Predator,,,12595
Perlidae,Predator,,Voracious predators; attack salmonid eggs and alevins in aquaria!  Effective competitors with trout and sculpins for benthic prey in artificial streams.,111
Perlidae,Predator,,"Voracious predators; attack salmonid eggs and alevins in aquaria!  Effective competitors with trout and sculpins for benthic prey in artificial streams.  In natural settings eats chironomids, caddis larvae, and mayflies.  Most feeding occurs between midnight and 6 am.",112
Perlidae,Predator,Other (specify in comments),incidental consumption of plant matter,3682
Perlidae,Predator,,,3875
Perlidae,Predator,,,5500
Perlidae,Predator,,"Engulfer of Chironomidae, Ephemeroptera, Tricoptera",7305
Perlidae,Predator,,,10880
Perlidae,Predator,,,10980
Perlidae,Predator,,,11100
Perlidae,Predator,,"Feed on chironomids, mayflies, and other arthropods.",3365
Perlidae,Predator,,,3970
Perlidae,Predator,,,5042
Perlidae,Predator,,,5488
Perlidae,Predator,,Engulfer,7298
Perlidae,Predator,,,12596
Perlidae,Predator,,Net-spinning caddisflies,124
Perlidae,Predator,,"Consumes chrionomids and hydropsychids (same as Agnetina nymphs), mainly between 1 and 5 am.",125
Perlidae,Predator,,"Feed on chironomids, mayflies, and other arthropods.",3370
Perlidae,Predator,,,3872
Perlidae,Predator,,,4739
Perlidae,Predator,,,5048
Perlidae,Predator,,,5247
Perlidae,Predator,,,5248
Perlidae,Predator,,"Engulfer of Diptera, Ephemeroptera, Hydropsychidae",7299
Perlidae,Predator,,Detritivore,10852
Perlidae,Predator,,Tactile predators that forage using their antennae,10887
Perlidae,Predator,,,10888
Perlidae,Predator,,Guts mostly empty in winter months,10978
Perlidae,Predator,,,11059
Perlidae,Predator,,,11262
Perlidae,Predator,,Ate mostly chironomids and hydropsychids,11400
Perlidae,Predator,,Fed on a variety of invertebrates,11427
Perlidae,Predator,,,12597
Perlidae,Predator,,Consumed mostly chironomids in Wisconsin.,113
Perlidae,Predator,Shredder,"Young nymphs fed mostly on detritus; mature nymphs fed on chironomids, simullids, and mayflies.",114
Perlidae,Predator,,Consumed mostly chironomids in Wisconsin.,115
Perlidae,Predator,,"Feed on chironomids, mayflies, and other arthropods.",3410
Perlidae,Predator,,,3876
Perlidae,Predator,,,4919
Perlidae,Predator,,,5043
Perlidae,Predator,Shredder,,5120
Perlidae,Predator,,,5493
Perlidae,Predator,Collector-gatherer,"Engulfer of Chironomidae, Simuliidae, Ephemeroptera, Tichoptera",7306
Perlidae,Predator,,Detritivores and algavores at early instars,11355
Perlidae,Predator,,Fed on a variety of invertebrates,11474
Perlidae,Predator,,Fed on a variety of invertebrates,11475
Perlidae,Predator,,,12598
Perlidae,Predator,,Chironomids,117
Perlidae,Predator,,prey included chironomids and Allocapnia,2249
Perlidae,Predator,,"Feed on chironomids, mayflies, and other arthropods.",3366
Perlidae,Predator,,,3974
Perlidae,Predator,,,5040
Perlidae,Predator,,,5041
Perlidae,Predator,,,12599
Perlidae,Predator,,"Feed on chironomids, mayflies, and other arthropods.",3318
Perlidae,Predator,,Preyed on baetidae,11396
Corydalidae,Predator,,,3479
Corydalidae,Predator,,Engulfer,7038
Corydalidae,Predator,,,3477
Corydalidae,Predator,,Engulfer,6738
Corydalidae,Predator,,,13170
Corydalidae,Predator,,"Feed on Simulium larvae/ pupae, larvae of Cheumatopsyche, Hydropsyche, Chironomids",13173
Corydalidae,Predator,,Engulfer,7039
Corydalidae,Predator,,,13177
Corydalidae,Predator,,,3478
Corydalidae,Predator,,Engulfer,7040
Corydalidae,Predator,,forage with mandibles held open,10885
Corydalidae,Predator,,Do not feed much in winter months,10976
Corydalidae,Predator,,,11349
Corydalidae,Predator,,"Feed on Asellus, Cheumatopsyche, Ephemerella nymphs, chironomid larvae, Nigronia.",12576
Corydalidae,Predator,,Engulfer,7050
Corydalidae,Predator,,,8153
Corydalidae,Predator,,Engulfer,7041
Corydalidae,Predator,,,3475
Gyrinidae,Other (specify in comments),,Adults are scavengers.,3553
Gyrinidae,Other (specify in comments),,Adults are scavengers.,3552
Gyrinidae,Predator,Other (specify in comments),"Larvae are predators, adults are scavengers.",3525
Gyrinidae,Predator,,,7198
Gyrinidae,Other (specify in comments),,Scavenger,13796
Gyrinidae,Predator,,,13797
Tipulidae,Collector-gatherer,,,6817
Tipulidae,Predator,,Engulfers,6819
Tipulidae,Predator,,,6919
Tipulidae,Predator,,,11375
Tipulidae,Collector-gatherer,,,7504
Tipulidae,Shredder,,Most species herbivores or detritivores.,3625
Tipulidae,Predator,,"Engulfer, esp. Oligochaeta, Diptera",6823
Tipulidae,Predator,,,6860
Tipulidae,Predator,,,11376
Tipulidae,Predator,,,12182
Tipulidae,Shredder,,Detritivores,6813
Tipulidae,Predator,,"Engulfer, esp. Oligochaeta, Diptera",6824
Tipulidae,Predator,,,6920
Tipulidae,Shredder,,"Herbivores, Chewers, Macroalgae",6825
Tipulidae,Shredder,,Decaying wood,6826
Tipulidae,Shredder,,Wood gouger; feed on wood.,7862
Tipulidae,Shredder,,Herbivore?,6814
Tipulidae,Collector-gatherer,,?,6828
Tipulidae,Predator,,Engulfer,6829
Tipulidae,Predator,,,6861
Tipulidae,Predator,,,11377
Tipulidae,Predator,,,12184
Tipulidae,Shredder,,Most species herbivores or detritivores.,3627
Tipulidae,Shredder,,Most species herbivores or detritivores.,3634
Tipulidae,Shredder,,"Chewer, Herbivore",7503
Tipulidae,Predator,,"?, Engulfer?",6830
Tipulidae,Predator,,,11378
Tipulidae,Shredder,,Most species herbivores or detritivores.,3626
Tipulidae,Shredder,,Most species herbivores or detritivores.,3633
Tipulidae,Shredder,Collector-gatherer,"Detritivore, Herbivore, Scraper, Predator of animals taken in shredding process?",6816
Tipulidae,Shredder,,,8149
Tipulidae,Shredder,,,11379
Tipulidae,Shredder,,,12192
Tipulidae,Shredder,,Most species herbivores or detritivores.,3596
Ceratopogonidae,Predator,,Engulfers,6773
Ceratopogonidae,Predator,,,3607
Ceratopogonidae,Predator,,Engulfers,6774
Ceratopogonidae,Predator,,Engulfer,7436
Ceratopogonidae,Predator,Collector-gatherer,Engulfers,6845
Ceratopogonidae,Collector-gatherer,Scraper/grazer,,6770
Ceratopogonidae,Scraper/grazer,,Scraper?,6772
Ceratopogonidae,Predator,,Engulfer,7437
Ceratopogonidae,Predator,,Engulfer,7438
Ceratopogonidae,Predator,,Engulfers,6731
Ceratopogonidae,Predator,,Engulfer,7439
Ceratopogonidae,Predator,,,3606
Ceratopogonidae,Predator,Collector-gatherer,Engulfer,6732
Ceratopogonidae,Predator,,,3608
Ceratopogonidae,Predator,,Engulfer,6733
Ceratopogonidae,Predator,,Engulfer,7440
Ceratopogonidae,Predator,Collector-gatherer,Engulfer,6734
Ceratopogonidae,Predator,,Engulfer,7441
Ceratopogonidae,Predator,,,11369
Ceratopogonidae,Predator,,,12181
